maxAbs,mean,min,var
516.3009104966557,18998.18035428567,31033.733668497658,203427633.5690585
17.547904902989917,1863.431005069464,31652.581268002406,567878.8419133201
206.00326473973962,5495.0368826875565,41630.24020648599,27811638.447587714
3453.5395326670305,8534.352904026933,43470.70074769606,1095106134.948834
39.627768445438306,44444,37210.686909280346,38545850.095959894
