maxAbs,mean,min,var
472.5234690593995,11585.79664748754,16865.11282760482,167456138.6322484
17.500691277305453,755.7744950292711,17173.27837884252,92783.22776148401
78.46682108937057,768.9438940087736,22682.937894116047,296806.98018783727
2031.4096561026593,5076.268394493061,23320.89552238806,395385690.83369446
38.209006321298006,1727.7071356723493,19879.13486005089,4439551.072595539
