maxAbs,mean,min,var
279095.72983533354,1887384.3080603767,2267573.6961451247,47062522089971.31
67549.31099702783,1826784.9790047603,2267573.6961451247,24872181857434.645
55704.09982174688,1292193.1761604315,2272727.2727272725,3359394395253.579
20952.939697439553,589175.8961070791,2309468.8221709006,2081927598469.4502
10190.148164754315,1742210.359705462,2247191.011235955,2171009082850.6997
