maxAbs,mean,min,var
38.190663833937826,1711.1705039380022,18496.254508462036,4440225.243746164
1885.8957627694,4655.014544592945,21603.404696580183,337580546.718447
78.3874755627045,763.561617895441,20992.96735593576,296954.8762217837
17.495743285658598,751.068770860935,15954.561409106864,92643.97568651503
465.9851788754007,10712.415250065802,15704.750687082842,162489600.6655574
