maxAbs,mean,min,var
38.27947538744571,1783.6299866727168,24460.04451728102,4511200.182252487
2211.332637500663,6219.516594292225,29546.46181119811,584392398.4574379
79.30490833938694,789.7559180359717,28548.58969966884,304372.4934925161
17.5140550291609,780.1279565874395,22423.535743115975,96569.83930778739
490.66822633740213,14501.58487821134,22036.62487053483,182441900.9205471
490.66822633740213,11111,22036.62487053483,182441900.9205471
