maxAbs,mean,min,var
2467.4177486293497,10774.799683005394,39249.54863019075,535592534.05431235
3954.304062256563,9006.71270297753,45907.35894963962,1216303822.964546
958.0737352708139,5835.153414936009,43952.1800281294,33236316.525395703
355.96233348971947,6399.623190186562,34741.523068371316,10945439.719358925
3456.5118955856883,22222,34543.5075477564,8124803481.315796
