maxAbs,mean,min,var
13683.821617701393,80993.62985101221,134300.29546065,99250165003.3993
1009.8714938524073,23360.698055035,131561.63662675963,146529034.87478948
4338.827735522416,29135.669955792448,189107.41301059,829087713.3346322
9500.736307063798,35072.33669443227,198925.80067634772,17637409085.77019
6045.291322588836,33333,183418.92883345563,20356026910.667576
