maxAbs,mean,min,var
6435.379140362054,106378.97253656617,225022.50225022502,69611172871.6906
10410.593820271508,41685.929039710434,244618.39530332683,24889224285.013477
9254.03244463775,55897.492941544086,235626.767200754,5979949230.231036
2025.1195833113943,51104.73096936476,183016.10541727673,1244318596.8267138
18906.80834168384,111637.44444920764,189035.91682419658,176035635245.71405
